Date,Pension_Type_ID,Count_Paid,Avg_Amount,Count_New
2020-01-01,1,143792.0,216.12,1141.0
2020-01-01,2,90223.0,391.17,482.0
2020-01-01,3,13004.0,444.41,781.0
2020-01-01,4,20395.0,142.09,275.0
2020-01-01,5,1088208.0,477.14,2425.0
2020-01-01,6,49452.0,215.31,383.0
2020-01-01,7,292648.0,271.01,1161.0
2020-02-01,1,144703.0,216.34,912.0
2020-02-01,2,90046.0,391.81,362.0
2020-02-01,3,13589.0,445.65,1217.0
2020-02-01,4,21210.0,142.62,193.0
2020-02-01,5,1082544.0,481.79,2422.0
2020-02-01,6,49264.0,215.65,392.0
2020-02-01,7,291145.0,271.26,1162.0
2020-03-01,1,144822.0,216.37,764.0
2020-03-01,2,89912.0,392.01,327.0
2020-03-01,3,14149.0,447.75,803.0
2020-03-01,4,21376.0,142.65,156.0
2020-03-01,5,1082804.0,482.29,2174.0
2020-03-01,6,49306.0,215.57,317.0
2020-03-01,7,291143.0,271.35,835.0
2020-04-01,1,144699.0,216.45,1021.0
2020-04-01,2,89665.0,392.22,361.0
2020-04-01,3,14280.0,448.15,997.0
2020-04-01,4,21073.0,142.05,216.0
2020-04-01,5,1082527.0,483.61,2613.0
2020-04-01,6,49272.0,215.71,342.0
2020-04-01,7,290665.0,271.51,888.0
2020-05-01,1,144797.0,216.54,843.0
2020-05-01,2,89330.0,392.36,437.0
2020-05-01,3,14320.0,449.3,1185.0
2020-05-01,4,20067.0,140.28,250.0
2020-05-01,5,1082406.0,484.18,3513.0
2020-05-01,6,49217.0,215.8,383.0
2020-05-01,7,290136.0,271.65,1040.0
2020-06-01,1,144538.0,216.63,1066.0
2020-06-01,2,89091.0,392.85,463.0
2020-06-01,3,14476.0,451.09,1043.0
2020-06-01,4,20093.0,140.16,200.0
2020-06-01,5,1083919.0,484.94,3727.0
2020-06-01,6,49230.0,216.04,437.0
2020-06-01,7,290130.0,271.52,1315.0
2020-07-01,1,144921.0,216.93,1314.0
2020-07-01,2,89315.0,393.32,514.0
2020-07-01,3,14374.0,454.03,1056.0
2020-07-01,4,18070.0,138.9,210.0
2020-07-01,5,1083978.0,485.65,3785.0
2020-07-01,6,49210.0,216.07,480.0
2020-07-01,7,289972.0,271.54,1386.0
2020-08-01,1,145544.0,217.27,1012.0
2020-08-01,2,89503.0,393.8,375.0
2020-08-01,3,14300.0,458.77,705.0
2020-08-01,4,18187.0,139.25,220.0
2020-08-01,5,1084479.0,486.29,3000.0
2020-08-01,6,49333.0,216.44,365.0
2020-08-01,7,290032.0,271.87,964.0
2020-09-01,1,145605.0,217.34,1067.0
2020-09-01,2,89072.0,393.84,425.0
2020-09-01,3,13750.0,459.76,1017.0
2020-09-01,4,17267.0,139.41,255.0
2020-09-01,5,1085879.0,486.67,2795.0
2020-09-01,6,49295.0,216.82,464.0
2020-09-01,7,289707.0,272.11,1276.0
2020-10-01,1,145601.0,217.5,1518.0
2020-10-01,2,88711.0,394.18,609.0
2020-10-01,3,13506.0,462.25,1736.0
2020-10-01,4,17686.0,139.99,375.0
2020-10-01,5,1086952.0,487.07,4317.0
2020-10-01,6,49442.0,217.25,688.0
2020-10-01,7,289793.0,272.23,1873.0
2020-11-01,1,145567.0,217.62,1375.0
2020-11-01,2,88384.0,394.41,498.0
2020-11-01,3,13239.0,467.76,1085.0
2020-11-01,4,18488.0,141.07,264.0
2020-11-01,5,1090315.0,487.22,4000.0
2020-11-01,6,49740.0,217.7,513.0
2020-11-01,7,290492.0,272.27,1334.0
2020-12-01,1,145407.0,217.79,1050.0
2020-12-01,2,88054.0,394.74,342.0
2020-12-01,3,12203.0,474.48,613.0
2020-12-01,4,19666.0,142.67,185.0
2020-12-01,5,1093195.0,487.37,2350.0
2020-12-01,6,49915.0,217.94,104.0
2020-12-01,7,290680.0,272.46,333.0
2021-01-01,1,145236.0,223.73,925.0
2021-01-01,2,87593.0,405.15,303.0
2021-01-01,3,11720.0,486.71,467.0
2021-01-01,4,20151.0,147.73,168.0
2021-01-01,5,1094184.0,498.53,2494.0
2021-01-01,6,49867.0,224.74,261.0
2021-01-01,7,290536.0,280.0,800.0
2021-02-01,1,145720.0,223.94,519.0
2021-02-01,2,86806.0,405.5,198.0
2021-02-01,3,11984.0,487.56,355.0
2021-02-01,4,20772.0,148.15,103.0
2021-02-01,5,1085427.0,499.11,1688.0
2021-02-01,6,48854.0,225.07,275.0
2021-02-01,7,286656.0,280.23,800.0
2021-03-01,1,145488.0,223.95,766.0
2021-03-01,2,86253.0,405.5,309.0
2021-03-01,3,11917.0,490.93,1281.0
2021-03-01,4,20977.0,148.25,234.0
2021-03-01,5,1083038.0,499.38,3765.0
2021-03-01,6,48605.0,225.55,536.0
2021-03-01,7,285542.0,280.36,1556.0
2021-04-01,1,144769.0,223.99,743.0
2021-04-01,2,85588.0,405.6,281.0
2021-04-01,3,12024.0,494.31,807.0
2021-04-01,4,20681.0,147.5,153.0
2021-04-01,5,1080271.0,500.7,4182.0
2021-04-01,6,48488.0,225.78,363.0
2021-04-01,7,284590.0,280.59,1041.0
2021-05-01,1,144187.0,224.19,1111.0
2021-05-01,2,85049.0,405.83,408.0
2021-05-01,3,11953.0,494.57,1094.0
2021-05-01,4,19900.0,145.99,269.0
2021-05-01,5,1081483.0,501.38,5313.0
2021-05-01,6,48503.0,225.78,683.0
2021-05-01,7,284430.0,280.83,2139.0
2021-06-01,1,143751.0,224.58,1316.0
2021-06-01,2,84564.0,406.19,464.0
2021-06-01,3,11798.0,494.2,1106.0
2021-06-01,4,19943.0,146.1,335.0
2021-06-01,5,1084226.0,502.32,6017.0
2021-06-01,6,48870.0,225.63,876.0
2021-06-01,7,285447.0,281.14,2638.0
2021-07-01,1,143728.0,224.95,1249.0
2021-07-01,2,84282.0,406.63,447.0
2021-07-01,3,11917.0,493.53,783.0
2021-07-01,4,17938.0,145.0,342.0
2021-07-01,5,1087176.0,503.2,4529.0
2021-07-01,6,49520.0,226.01,751.0
2021-07-01,7,287045.0,281.75,2208.0
2021-08-01,1,143787.0,225.18,1327.0
2021-08-01,2,84091.0,407.07,492.0
2021-08-01,3,10271.0,499.87,1172.0
2021-08-01,4,18192.0,145.49,421.0
2021-08-01,5,1090935.0,503.86,4980.0
2021-08-01,6,49935.0,226.44,818.0
2021-08-01,7,287870.0,282.29,2120.0
2021-09-01,1,144043.0,225.46,1340.0
2021-09-01,2,84177.0,407.74,521.0
2021-09-01,3,10958.0,502.75,1448.0
2021-09-01,4,17352.0,145.74,331.0
2021-09-01,5,1091310.0,504.42,4781.0
2021-09-01,6,50130.0,226.61,599.0
2021-09-01,7,287936.0,282.18,1627.0
2021-10-01,1,144300.0,225.71,1097.0
2021-10-01,2,84353.0,408.26,391.0
2021-10-01,3,11711.0,503.9,1371.0
2021-10-01,4,17653.0,146.2,370.0
2021-10-01,5,1092782.0,504.97,5420.0
2021-10-01,6,50295.0,227.03,603.0
2021-10-01,7,288317.0,282.28,1742.0
2021-11-01,1,144012.0,225.71,1082.0
2021-11-01,2,84047.0,408.29,424.0
2021-11-01,3,11545.0,502.17,1257.0
2021-11-01,4,17600.0,146.55,313.0
2021-11-01,5,1095027.0,505.15,4262.0
2021-11-01,6,50391.0,227.0,490.0
2021-11-01,7,288526.0,282.31,1335.0
2021-12-01,1,143783.0,225.88,1187.0
2021-12-01,2,83643.0,408.52,440.0
2021-12-01,3,11992.0,500.4,937.0
2021-12-01,4,19075.0,148.92,258.0
2021-12-01,5,1096225.0,505.68,2647.0
2021-12-01,6,50459.0,227.61,203.0
2021-12-01,7,288423.0,282.76,566.0
2022-01-01,1,143494.0,228.8,1241.0
2022-01-01,2,83229.0,413.93,523.0
2022-01-01,3,11409.0,505.13,1098.0
2022-01-01,4,19562.0,152.18,314.0
2022-01-01,5,1096396.0,511.63,3641.0
2022-01-01,6,50436.0,230.89,646.0
2022-01-01,7,288007.0,286.59,1772.0
2022-02-01,1,143775.0,229.34,1061.0
2022-02-01,2,82671.0,414.99,486.0
2022-02-01,3,12332.0,504.73,1418.0
2022-02-01,4,20994.0,153.51,381.0
2022-02-01,5,1090307.0,512.45,3493.0
2022-02-01,6,50223.0,231.74,823.0
2022-02-01,7,286059.0,286.87,2210.0
2022-03-01,1,143597.0,229.47,914.0
2022-03-01,2,82378.0,415.31,357.0
2022-03-01,3,12429.0,508.35,973.0
2022-03-01,4,21413.0,153.86,317.0
2022-03-01,5,1091552.0,512.93,3562.0
2022-03-01,6,50645.0,231.95,793.0
2022-03-01,7,286838.0,287.25,2146.0
2022-04-01,1,143251.0,229.61,719.0
2022-04-01,2,82008.0,415.8,289.0
2022-04-01,3,12212.0,509.48,683.0
2022-04-01,4,21071.0,152.91,259.0
2022-04-01,5,1091009.0,514.38,2908.0
2022-04-01,6,50790.0,232.12,425.0
2022-04-01,7,286839.0,287.44,1157.0
2022-05-01,1,142954.0,229.93,1651.0
2022-05-01,2,81697.0,416.08,626.0
2022-05-01,3,11891.0,507.87,1362.0
2022-05-01,4,20419.0,151.77,466.0
2022-05-01,5,1092380.0,515.1,7211.0
2022-05-01,6,51052.0,232.25,1004.0
2022-05-01,7,287127.0,287.79,2821.0
2022-06-01,1,142988.0,230.15,1476.0
2022-06-01,2,81589.0,416.3,592.0
2022-06-01,3,11806.0,507.06,1159.0
2022-06-01,4,20503.0,151.49,389.0
2022-06-01,5,1096369.0,515.72,5763.0
2022-06-01,6,51465.0,232.31,695.0
2022-06-01,7,288140.0,287.75,1933.0
2022-07-01,1,142822.0,230.17,1121.0
2022-07-01,2,81416.0,416.48,422.0
2022-07-01,3,11446.0,505.36,724.0
2022-07-01,4,18369.0,149.79,231.0
2022-07-01,5,1099296.0,516.11,3708.0
2022-07-01,6,51716.0,232.62,390.0
2022-07-01,7,288612.0,287.58,1056.0
2022-08-01,1,143129.0,230.64,1057.0
2022-08-01,2,81088.0,417.17,427.0
2022-08-01,3,11582.0,502.47,1106.0
2022-08-01,4,18376.0,150.0,253.0
2022-08-01,5,1099287.0,516.96,3810.0
2022-08-01,6,51578.0,232.88,422.0
2022-08-01,7,287780.0,287.87,1134.0
2022-09-01,1,143074.0,230.83,912.0
2022-09-01,2,80937.0,417.62,434.0
2022-09-01,3,11770.0,503.96,1115.0
2022-09-01,4,17758.0,151.36,259.0
2022-09-01,5,1100429.0,517.42,4146.0
2022-09-01,6,51558.0,233.46,523.0
2022-09-01,7,287383.0,287.86,1380.0
2022-10-01,1,142892.0,230.98,935.0
2022-10-01,2,80857.0,418.12,448.0
2022-10-01,3,11770.0,504.83,1108.0
2022-10-01,4,18194.0,152.09,272.0
2022-10-01,5,1102360.0,517.96,4570.0
2022-10-01,6,51778.0,233.62,546.0
2022-10-01,7,287774.0,287.99,1625.0
2022-11-01,1,143007.0,231.17,1046.0
2022-11-01,2,81048.0,418.54,519.0
2022-11-01,3,12112.0,508.42,981.0
2022-11-01,4,18644.0,153.5,306.0
2022-11-01,5,1104225.0,518.35,4039.0
2022-11-01,6,52046.0,233.67,389.0
2022-11-01,7,288455.0,287.99,1241.0
2022-12-01,1,143033.0,231.4,847.0
2022-12-01,2,81110.0,419.12,389.0
2022-12-01,3,12311.0,512.51,858.0
2022-12-01,4,19584.0,155.32,154.0
2022-12-01,5,1104304.0,518.76,2423.0
2022-12-01,6,52084.0,234.03,152.0
2022-12-01,7,288358.0,288.06,418.0
2023-01-01,1,142768.0,258.74,1392.0
2023-01-01,2,80930.0,468.6,585.0
2023-01-01,3,12061.0,572.01,962.0
2023-01-01,4,20292.0,174.32,342.0
2023-01-01,5,1105403.0,575.24,3655.0
2023-01-01,6,52063.0,261.32,617.0
2023-01-01,7,288316.0,321.81,1766.0
2023-02-01,1,142973.0,259.5,952.0
2023-02-01,2,80725.0,470.38,431.0
2023-02-01,3,12981.0,573.75,2052.0
2023-02-01,4,21178.0,175.81,306.0
2023-02-01,5,1100987.0,576.14,2606.0
2023-02-01,6,51838.0,263.12,489.0
2023-02-01,7,286937.0,322.88,1393.0
2023-03-01,1,142675.0,259.65,1224.0
2023-03-01,2,80569.0,471.04,542.0
2023-03-01,3,13993.0,594.53,1497.0
2023-03-01,4,21500.0,176.09,280.0
2023-03-01,5,1102878.0,576.44,2940.0
2023-03-01,6,52085.0,264.44,611.0
2023-03-01,7,287520.0,323.38,1694.0
2023-04-01,1,142458.0,259.95,989.0
2023-04-01,2,80352.0,471.72,426.0
2023-04-01,3,13986.0,600.56,930.0
2023-04-01,4,21064.0,174.66,233.0
2023-04-01,5,1102785.0,577.93,3297.0
2023-04-01,6,52342.0,265.63,378.0
2023-04-01,7,288175.0,324.78,943.0
2023-05-01,1,142426.0,260.31,1382.0
2023-05-01,2,80228.0,472.36,603.0
2023-05-01,3,13884.0,604.68,1392.0
2023-05-01,4,20308.0,173.14,327.0
2023-05-01,5,1104323.0,578.69,5041.0
2023-05-01,6,52421.0,266.42,530.0
2023-05-01,7,288174.0,325.21,1487.0
2023-06-01,1,142278.0,260.72,1274.0
2023-06-01,2,80061.0,472.86,517.0
2023-06-01,3,13899.0,609.61,1119.0
2023-06-01,4,20278.0,173.44,308.0
2023-06-01,5,1106488.0,579.58,4581.0
2023-06-01,6,52638.0,266.52,526.0
2023-06-01,7,288317.0,325.01,1410.0
2023-07-01,1,142314.0,261.07,708.0
2023-07-01,2,80006.0,473.28,247.0
2023-07-01,3,13589.0,613.1,386.0
2023-07-01,4,18221.0,171.44,154.0
2023-07-01,5,1110234.0,580.06,2061.0
2023-07-01,6,52906.0,266.82,151.0
2023-07-01,7,289093.0,324.94,451.0
2023-08-01,1,142091.0,288.75,1447.0
2023-08-01,2,79724.0,523.17,577.0
2023-08-01,3,12880.0,678.95,1803.0
2023-08-01,4,18251.0,189.32,250.0
2023-08-01,5,1112078.0,642.04,5041.0
2023-08-01,6,52943.0,294.94,389.0
2023-08-01,7,289097.0,359.22,1141.0
2023-09-01,1,142126.0,289.39,1095.0
2023-09-01,2,79480.0,524.98,444.0
2023-09-01,3,14303.0,687.12,2029.0
2023-09-01,4,17695.0,190.76,247.0
2023-09-01,5,1111698.0,643.7,4612.0
2023-09-01,6,52674.0,296.19,516.0
2023-09-01,7,287993.0,359.65,1433.0
2023-10-01,1,142113.0,289.69,835.0
2023-10-01,2,79317.0,525.57,299.0
2023-10-01,3,15072.0,692.13,1872.0
2023-10-01,4,17980.0,191.61,260.0
2023-10-01,5,1114611.0,647.68,4331.0
2023-10-01,6,52906.0,296.75,494.0
2023-10-01,7,288387.0,360.16,1292.0
2023-11-01,1,141729.0,289.75,753.0
2023-11-01,2,79151.0,525.62,362.0
2023-11-01,3,14964.0,696.64,1692.0
2023-11-01,4,17772.0,191.74,185.0
2023-11-01,5,1116955.0,648.29,3146.0
2023-11-01,6,53062.0,296.71,289.0
2023-11-01,7,288635.0,360.33,732.0
2023-12-01,1,141448.0,289.87,826.0
2023-12-01,2,78901.0,525.94,323.0
2023-12-01,3,15427.0,702.44,2030.0
2023-12-01,4,18714.0,194.09,121.0
2023-12-01,5,1118242.0,648.83,2519.0
2023-12-01,6,53045.0,297.13,144.0
2023-12-01,7,288365.0,360.5,417.0
2024-01-01,1,141446.0,300.76,1201.0
2024-01-01,2,79092.0,545.52,565.0
2024-01-01,3,16667.0,735.13,4972.0
2024-01-01,4,19604.0,202.73,268.0
2024-01-01,5,1118247.0,670.96,3880.0
2024-01-01,6,53083.0,308.31,472.0
2024-01-01,7,288325.0,373.51,1218.0
2024-02-01,1,141161.0,301.61,1015.0
2024-02-01,2,79212.0,547.66,458.0
2024-02-01,3,23749.0,749.45,7276.0
2024-02-01,4,20661.0,204.72,237.0
2024-02-01,5,1113744.0,672.52,3054.0
2024-02-01,6,52715.0,309.19,464.0
2024-02-01,7,286484.0,374.12,1356.0
2024-03-01,1,140069.0,301.87,735.0
2024-03-01,2,79203.0,548.65,319.0
2024-03-01,3,29102.0,756.02,6527.0
2024-03-01,4,21074.0,205.08,175.0
2024-03-01,5,1115298.0,673.11,1998.0
2024-03-01,6,52905.0,309.25,439.0
2024-03-01,7,286744.0,373.85,1291.0
2024-04-01,1,138803.0,302.27,1007.0
2024-04-01,2,79034.0,549.58,446.0
2024-04-01,3,35045.0,758.39,9002.0
2024-04-01,4,20520.0,203.59,306.0
2024-04-01,5,1115164.0,674.84,3009.0
2024-04-01,6,52997.0,309.84,678.0
2024-04-01,7,286852.0,373.67,2053.0
2024-05-01,1,137522.0,302.54,2272.0
2024-05-01,2,78765.0,550.29,883.0
2024-05-01,3,40258.0,756.9,3624.0
2024-05-01,4,19748.0,201.76,441.0
2024-05-01,5,1117144.0,675.87,5564.0
2024-05-01,6,53272.0,309.63,672.0
2024-05-01,7,287454.0,373.81,1799.0
2024-06-01,1,137827.0,303.99,1899.0
2024-06-01,2,79104.0,552.33,788.0
2024-06-01,3,40869.0,753.4,2549.0
2024-06-01,4,19818.0,201.99,363.0
2024-06-01,5,1121502.0,677.98,4210.0
2024-06-01,6,53509.0,310.06,506.0
2024-06-01,7,287936.0,373.92,1299.0
2024-07-01,1,137989.0,304.9,1265.0
2024-07-01,2,79332.0,553.65,572.0
2024-07-01,3,42149.0,747.48,3321.0
2024-07-01,4,17202.0,200.58,266.0
2024-07-01,5,1124218.0,678.64,3218.0
2024-07-01,6,53699.0,310.24,376.0
2024-07-01,7,288139.0,374.29,1002.0
2024-08-01,1,138020.0,305.81,1532.0
2024-08-01,2,79368.0,554.73,634.0
2024-08-01,3,42741.0,742.2,1049.0
2024-08-01,4,17261.0,200.63,231.0
2024-08-01,5,1125907.0,679.32,4072.0
2024-08-01,6,53737.0,310.36,485.0
2024-08-01,7,288015.0,374.34,1349.0
2024-09-01,1,138268.0,306.87,1503.0
2024-09-01,2,79453.0,555.82,631.0
2024-09-01,3,41907.0,740.43,887.0
2024-09-01,4,17248.0,201.6,335.0
2024-09-01,5,1127657.0,680.07,4661.0
2024-09-01,6,53850.0,310.78,636.0
2024-09-01,7,288001.0,374.67,1770.0
2024-10-01,1,138276.0,307.77,1437.0
2024-10-01,2,79475.0,556.58,540.0
2024-10-01,3,40919.0,738.84,926.0
2024-10-01,4,17728.0,203.15,364.0
2024-10-01,5,1129519.0,680.78,4203.0
2024-10-01,6,53993.0,310.91,496.0
2024-10-01,7,288177.0,375.0,1371.0
2024-11-01,1,138507.0,308.52,1289.0
2024-11-01,2,79530.0,557.36,539.0
2024-11-01,3,39909.0,736.12,965.0
2024-11-01,4,18869.0,205.99,314.0
2024-11-01,5,1133049.0,682.67,3575.0
2024-11-01,6,54259.0,311.29,500.0
2024-11-01,7,288877.0,375.23,1371.0
2024-12-01,1,138526.0,309.01,940.0
2024-12-01,2,79449.0,557.78,369.0
2024-12-01,3,39055.0,733.15,768.0
2024-12-01,4,20023.0,207.6,199.0
2024-12-01,5,1134690.0,683.1,2015.0
2024-12-01,6,54352.0,311.82,126.0
2024-12-01,7,289000.0,375.58,365.0
2025-01-01,1,138523.0,315.89,1075.0
2025-01-01,2,79313.0,569.84,420.0
2025-01-01,3,37969.0,746.64,2964.0
2025-01-01,4,20639.0,212.86,243.0
2025-01-01,5,1136638.0,697.82,3362.0
2025-01-01,6,54471.0,319.12,476.0
2025-01-01,7,289151.0,383.55,1343.0
2025-02-01,1,138669.0,316.88,856.0
2025-02-01,2,79071.0,571.19,373.0
2025-02-01,3,39991.0,745.16,4973.0
2025-02-01,4,21268.0,213.74,244.0
2025-02-01,5,1133706.0,698.95,2710.0
2025-02-01,6,54103.0,319.92,339.0
2025-02-01,7,287477.0,383.78,1058.0
2025-03-01,1,138145.0,317.22,1306.0
2025-03-01,2,79202.0,571.9,537.0
2025-03-01,3,42859.0,746.48,1034.0
2025-03-01,4,21470.0,214.05,309.0
2025-03-01,5,1134102.0,699.62,3042.0
2025-03-01,6,54138.0,320.29,668.0
2025-03-01,7,287423.0,383.48,1858.0
2025-04-01,1,138652.0,318.04,1407.0
2025-04-01,2,79453.0,572.86,580.0
2025-04-01,3,42538.0,746.84,500.0
2025-04-01,4,20818.0,212.51,309.0
2025-04-01,5,1134148.0,701.04,3139.0
2025-04-01,6,54434.0,320.49,563.0
2025-04-01,7,287911.0,383.77,1596.0
2025-05-01,1,138906.0,318.78,1375.0
2025-05-01,2,79361.0,573.53,567.0
2025-05-01,3,41303.0,743.98,436.0
2025-05-01,4,19994.0,210.48,382.0
2025-05-01,5,1134810.0,701.34,2675.0
2025-05-01,6,54573.0,321.03,581.0
2025-05-01,7,288050.0,383.96,1459.0
2025-06-01,1,139178.0,319.46,1191.0
2025-06-01,2,79280.0,574.01,470.0
2025-06-01,3,40184.0,741.56,422.0
2025-06-01,4,20221.0,210.97,265.0
2025-06-01,5,1135298.0,701.78,2329.0
2025-06-01,6,54692.0,321.07,501.0
2025-06-01,7,288141.0,384.42,1304.0
2025-07-01,1,139508.0,319.9,1235.0
2025-07-01,2,79178.0,574.09,473.0
2025-07-01,3,38512.0,738.53,501.0
2025-07-01,4,17449.0,210.16,269.0
2025-07-01,5,1136583.0,702.07,2590.0
2025-07-01,6,54838.0,321.69,484.0
2025-07-01,7,288242.0,384.52,1220.0
2025-08-01,1,139757.0,320.49,806.0
2025-08-01,2,79159.0,574.18,307.0
2025-08-01,3,36957.0,735.11,263.0
2025-08-01,4,17563.0,210.19,207.0
2025-08-01,5,1137344.0,702.44,2027.0
2025-08-01,6,54917.0,321.75,329.0
2025-08-01,7,288034.0,384.95,861.0
2025-09-01,1,139866.0,320.7,925.0
2025-09-01,2,78921.0,574.43,369.0
2025-09-01,3,35192.0,731.95,323.0
2025-09-01,4,17791.0,210.8,238.0
2025-09-01,5,1138925.0,702.71,3113.0
2025-09-01,6,54940.0,322.11,387.0
2025-09-01,7,287924.0,385.1,1080.0
2025-10-01,1,139846.0,320.92,1053.0
2025-10-01,2,78742.0,574.44,426.0
2025-10-01,3,33572.0,729.34,347.0
2025-10-01,4,18405.0,212.32,294.0
2025-10-01,5,1140155.0,703.03,3296.0
2025-10-01,6,54930.0,322.57,444.0
2025-10-01,7,287798.0,385.34,1162.0
2025-11-01,1,139948.0,321.03,921.0
2025-11-01,2,78610.0,574.55,378.0
2025-11-01,3,32047.0,727.0,280.0
2025-11-01,4,19461.0,214.19,219.0
2025-11-01,5,1143283.0,703.11,2801.0
2025-11-01,6,55143.0,322.44,323.0
2025-11-01,7,288321.0,385.24,945.0
2025-12-01,1,139980.0,321.15,923.0
2025-12-01,2,78392.0,574.4,378.0
2025-12-01,3,30619.0,724.2,304.0
2025-12-01,4,20246.0,215.14,199.0
2025-12-01,5,1144849.0,703.29,2354.0
2025-12-01,6,55183.0,323.02,195.0
2025-12-01,7,288329.0,385.5,551.0
2026-01-01,1,139996.0,333.14,1119.0
2026-01-01,2,78202.0,595.24,432.0
2026-01-01,3,29280.0,748.14,430.0
2026-01-01,4,20793.0,223.9,264.0
2026-01-01,5,1146712.0,729.43,3195.0
2026-01-01,6,55215.0,335.64,443.0
2026-01-01,7,288411.0,400.1,1149.0
2026-02-01,1,140461.0,333.38,862.0
2026-02-01,2,77824.0,595.73,343.0
2026-02-01,3,28415.0,744.2,838.0
2026-02-01,4,21300.0,224.58,220.0
2026-02-01,5,1142764.0,729.9,2822.0
2026-02-01,6,54703.0,336.23,422.0
2026-02-01,7,286366.0,400.43,1231.0
2026-03-01,1,140406.0,333.52,1147.0
2026-03-01,2,77664.0,596.01,436.0
2026-03-01,3,27703.0,741.64,636.0
2026-03-01,4,21494.0,224.58,250.0
2026-03-01,5,1144085.0,730.41,3639.0
2026-03-01,6,54814.0,336.53,574.0
2026-03-01,7,286547.0,400.34,1528.0
